{
  "accuracy": 0.5077314384916629,
  "f1": 0.4179118728218838,
  "precision": 0.5018344416418252,
  "recall": 0.35803680981595093,
  "confusion_matrix": [
    [
      8199,
      4345
    ],
    [
      7848,
      4377
    ]
  ],
  "threshold_classification": 0.5,
  "model_name": "rf",
  "n_samples": 24769
}