{
  "algo": "PPO",
  "transaction_cost": 5e-05,
  "total_timesteps": 50000,
  "seed": 42,
  "features": [
    "open_15m",
    "high_15m",
    "low_15m",
    "close_15m",
    "volume_15m",
    "ret",
    "return_1",
    "return_4",
    "ema_20",
    "ema_50",
    "ema_diff",
    "rsi_14",
    "rolling_std_20",
    "range_15m",
    "body",
    "upper_wick",
    "lower_wick",
    "ema_200",
    "distance_to_ema200",
    "slope_ema50",
    "atr_14",
    "rolling_std_100",
    "volatility_ratio",
    "adx_14",
    "macd",
    "macd_signal"
  ],
  "norm_mean": [
    1.2357724252464846,
    1.236374963633425,
    1.2351686762566672,
    1.2357660655406497,
    0.0,
    -4.5242231527581774e-06,
    -4.5242231527581774e-06,
    -1.8081051875827464e-05,
    1.2358216613207258,
    1.235909949986336,
    -8.828866561017762e-05,
    49.45798845149088,
    0.0006737898838411077,
    0.0012062873767577174,
    0.0006121896718926779,
    0.00029962340391142677,
    0.00029447430095361275,
    1.2363499732186451,
    -0.0004575420596411628,
    -2.9401219590112778e-05,
    0.001208986847483349,
    0.0007338046866530351,
    0.9255760033401693,
    24.386941139177583,
    -4.122184175048158e-05,
    -4.1316366555682036e-05
  ],
  "norm_std": [
    0.07578939760807311,
    0.07562503972635992,
    0.07594246323655506,
    0.07578632916100425,
    1.0,
    0.0008356292670056363,
    0.0008356292670056363,
    0.0016110809690374683,
    0.07579010679814828,
    0.07579687358721134,
    0.0016756132857307063,
    11.63909370694225,
    0.0004980143848950286,
    0.0009898397839906241,
    0.0007605038514275981,
    0.00035601883896083986,
    0.0003426546799645496,
    0.0758145765452947,
    0.0056148519413294655,
    0.0006396295643449367,
    0.0005943190439325184,
    0.0003993524959092333,
    0.3761089399460798,
    10.52899385028473,
    0.0010606359889816018,
    0.0010008066309303608
  ]
}